login_names,types
cran,Organization
Bioconductor-mirror,Organization
Libardo1,User
defc0n1,User
jeperez,User
chaabni,User
minghao2016,User
4sp1r3,User
namjae,User
radovankavicky,User
parthasen,User
mk-pmb,User
fxcebx,User
rmullig2,User
reichardn,User
fototo,User
jai2033shankar,User
fdoperezi,User
hrbrmstr,User
bin2000,User
TZstatsADS,Organization
rmody3,User
ropensci,Organization
Snazz2001,User
GarfieldEr007,User
plai217,User
ashispapu,User
dpastoor,User
akizzles,User
pauldevos,User
NHLBI-BCB,User
c3h3,User
kbroman,User
jpdebaere,User
jmheyd,User
Sage-Bionetworks,Organization
wycharry,User
muschellij2,User
fitrialif,User
Honglongwu,User
AshWilliams,User
M4573R,User
raincoatrun,User
guhjy,User
dominguezus,User
fmacias64,User
statkclee,User
saromanov,User
trinker,User
junhuili,User
qlycool,User
anujmailbox,User
woodhaha,User
hpaas001,User
krlmlr,User
BioXiao,User
hadley,User
abresler,User
sunatthegilddotcom,User
MadStats,Organization
ompanda,User
udemirezen,User
gokul180288,User
marcionicolau,User
nishantsbi,User
mliq,User
MishaHerscu,User
quevedin,User
benmarwick,User
jrnold,User
johnfrye,User
jaehyuk,User
gvanzin,User
andori8,User
kibs86,User
wush978,User
abhik1368,User
yepengxj,User
yangbenfa,User
statwonk,User
imanojkumar,User
HSOFEUP,User
mjk276,User
shamindras,User
Charlie13,User
spark-lin,User
datatonic,User
casunlight,User
NhaTrang,User
hehuanshu96,User
lymanzhang,User
jmcimula,User
parrondo,User
usfviz,Organization
CT-Data-Collaborative,Organization
jsta,User
MMesbahU,User
fdzul,User
govindmenon,User
lgatto,User
patilv,User
EqualInformation,User
noamross,User
leslie-huang,User
ismayc,User
xkuang,User
cswanghan,User
sancao2,User
sckott,User
joebrew,User
cpsievert,User
MarkEdmondson1234,User
reymont,User
karthik,User
alfords,User
anilcs13m,User
RaghavendranPM,User
tfang2,User
sxfmol,User
a414930249,User
kcompher,User
vzool,User
obinsc,User
ishandutta2007,User
QuantLet,Organization
willowcheng,User
irichgreen,User
pnandak,User
pssguy,User
chenwt,User
roterdam,User
lexqbit,User
Shicheng-Guo,User
bquast,User
qiangqiangyao,User
ScienceForBI,Organization
snewhouse,User
rstudio,Organization
Cloud2016,User
ivanliu1989,User
ttrahan,User
leeper,User
christophergandrud,User
tdhock,User
datacamp,Organization
bimalvasan,User
englianhu,User
nastako,User
jtrecenti,User
rpietro,User
aiedward,User
MainShayne233,User
mcnguyen,User
Tavpritesh,User
cinneesol,User
gregory-nisbet,User
paultopia,User
esgl,User
asntech,User
sunsure,User
Planeshifter,User
feynman0825,User
ZmagoD,User
bikash,User
mdsumner,User
drpjk,User
thsiung,User
aaronjoel,User
IndianOnRun,User
trestletech,User
wubr2000,User
yeomanbnu,User
dhimmel,User
rodriggs,User
facingsouth,User
obrianjunior,User
fmichonneau,User
arhik,User
jeroen,User
kevinushey,User
seankross,User
dambor,User
omarbenites,User
juanlp,User
Robinlovelace,User
briatte,User
teuffy,User
kmichie32,User
BeifeiZhou,User
chirayukong,User
Bioconductor,Organization
pjpan,User
mheydt,User
wangtulao,User
abelsonlive,User
ropenscilabs,Organization
PhyloMeth,Organization
mzkaramat,User
wbuchanan,User
infinith4,User
noaxtogrind,User
Redwa,User
dtenenba,User
yngcan,User
vishwambhar,User
jefferis,User
gragusa,User
fawda123,User
datamaniac03,User
olgabot,User
way2joy,User
tjmahr,User
rouseguy,User
ttriche,User
Peidyen,User
Bioinfo2015,Organization
AlKavaev,User
XMUR,Organization
jcrb,User
bbandaru,User
naupaka,User
delgad9,User
patrickhsanders,User
fboehm,User
aspiringguru,User
henrywoo,User
kfowler,User
AnilSener,User
logikonline,User
szywind,User
cuissai,User
c5sire,User
SCgeeker,User
michbur,User
mjgrav2001,User
zhaoxiaohe,User
tarsam2009,User
adam-erickson,User
julianflowers,User
mbh038,User
syzdemonhunter,User
1UnboundedSentience,User
ankitvoramtu,User
VinayPrakashSingh,User
MangoTheCat,Organization
anguillanneuf,User
mudassirkhan19,User
jparish3,User
VinACE,User
sumendar,User
ashander,User
Juzenn,User
dacho68,User
erichhuang,User
richfitz,User
Pakillo,User
yangspeaking,User
eydunn,User
skranz,User
AWinterman,User
ToniRib,User
davharris,User
bugeyemonster,User
jcassiojr,User
wch,User
OHDSI,Organization
DataNick,User
dlebauer,User
kevinmtian,User
ldecicco-USGS,User
birajparikh16,User
99701a0554,User
leesinfook2015,User
vasanthgx,User
joelgombin,User
nobel1154,User
Arksutw,User
pozypakya,User
mglowacki100,User
trriplejay,User
jarad,User
Coding4Sec,User
ghellstern,User
mahendra-16,User
sunnycd,User
BKJackson,User
IQSS,Organization
markgreenwood,User
lorenzgerber,User
lizhihao1990,User
njtierney,User
aammd,User
rmflight,User
M0nd4,User
squirrelmaster,User
wrathematics,User
barryrowlingson,User
dmoliveira,User
ddbs,User
kiquetal,User
KahlanM,User
pfjob09,User
elephann,User
QinLab,Organization
iamciera,User
darioromero,User
flaviobarros,User
dybwall1234,User
holm-xie,User
Keita1,User
XikunHan,User
briandk,User
dchen71,User
agstudy,User
dacarlin,User
olveirap,User
DataDrivenDoyenne,User
anurive,User
alexgriff,User
getBioinfo,User
kdavidmoore,User
dtkaplan,User
LionelGeo,User
kpolimis,User
gchattman1,User
agarwalnaimish,User
dulanism,User
wypd,User
mishasaggi,User
skerker,User
mkliment,User
mcarlo,User
kaustubh0mani,User
vranjan,User
RXCORE,User
Najah-lshanableh,User
jpabbuehl,User
katrinleinweber,User
khanh-nguyen,User
kkdey,User
xfLee,User
moandcompany,User
piyush-kgp,User
selcukfidan47,User
epsimatic88,User
stephlocke,User
yanyankangkang,User
tovin-xu,User
bdemeshev,User
andrubrown,User
floswald,User
sytshanli,User
codetasks,User
bkg6,User
bw4sz,User
tpoisot,User
AaronRanAn,User
yihui,User
edwindj,User
marcds,User
STA521-S17,Organization
USGS-R,Organization
bgulbis,User
ruofeidu,User
ijlyttle,User
Herdez,User
victorinno,User
osm3000,User
kuanhoong,User
sadapple,User
maelle,User
WilfR,User
adiamb,User
mbojan,User
pwaila,User
Scitator,User
thangarajan8,User
isomorphisms,User
cangfengzhe,User
emiliogozo,User
pdiazs,User
minimaxir,User
npp97,User
RRisto,User
fernandomayer,User
ktkt2009,User
idrisr,User
mwidmeyer,User
shan4224,User
butterflyology,User
GuangchuangYu,User
bbrewington,User
rainstar82,User
kootenpv,User
coldKnight,User
cjjaeger,User
jhsiao999,User
solkem,User
rcuevass,User
chuhoting,User
kongbu,User
duhi23,User
demel,User
kstseng,User
bbolker,User
lry198010,User
scatterbrain333,User
renkun-ken,User
ncarchedi,User
RobHayward,User
IuliiaKot,User
homerhanumat,User
paulstey,User
sixteentons,User
esaliya,User
npp97-field,Organization
firearasi,User
wenlihaoyu,User
SunYunyun,User
jtleek,User
griffinmichl,User
juaneschutte,User
danielmarcelino,User
mbjoseph,User
asheshwor,User
Stephane-Sbizzera,User
seananderson,User
patricksilva,User
jjchern,User
ChirantanGhosh,User
girishgupta,User
jaspershen,User
datapython,User
duncantl,User
lethienhoa,User
bradurani,User
RGLab,Organization
Srisai85,User
ShaneKao,User
cyadusha,User
jfhrecoba,User
SergioETrillo,User
OHI-Science,Organization
ved93,User
joolsa,User
RMHogervorst,User
MilesMcBain,User
elmerehbi,User
MikeOfNoTrades,User
Nuatu,User
pbiecek,User
jmwdpk,User
road2stat,User
npp2016,Organization
ceobillionaire,User
uditkumawat,User
wikimedia-research,Organization
rgrannell1,User
Myfanwy,User
calufrax,User
sfavorite,User
Nowosad,User
salmcdonagh,User
hack-r,User
benjamin-chan,User
sernle,User
kmader,User
Honglang,User
DATAUNIRIO,User
omedusa,User
amkirschner,User
kelvinabrokwa,User
karawoo,User
rcqls,User
letianw91,User
laurii,User
mohan-raj,User
andrie,User
Lchiffon,User
tpkalman,User
nikrb,User
almartin82,User
tedh526,User
aaronwolen,User
edzer,User
ssamant,User
StanSilas,User
rremani,User
nitishiitkgp,User
lybird300,User
JosmanPS,User
darribas,User
leipzig,User
benakiva,User
bradleystachurski,User
F1000Research,User
WinterLi1993,User
Alven8816,User
sebastianljs,User
memed01,User
s4sarath,User
ManAgainstCode,User
mlguys,User
azvoleff,User
jknowles,User
diegovalle,User
radicalsauce,User
stla,User
ozayn,User
andersonhaynes,User
MartinCote1978,User
fumengyao5544,User
venyao,User
haozhu233,User
zkamvar,User
pseemakurthi,User
kazutan,User
markdunning,User
Lesaffrea,User
EdwardBurgin,User
franckess,User
yaojenkuo,User
TarekDib03,User
RinLinux,User
dill,User
rlim19,User
dirmeier,User
environmentalinformatics-marburg,Organization
whseay,User
hateif,User
bdilday,User
fhoces,User
umeshach,User
florentchandelier,User
flacomenoide,User
daroczig,User
LexKnape,User
jamieon,User
visee,User
IgorHut,User
LaDilettante,User
dichika,User
bibhutibhusan89,User
sudsfsp,User
fsgp,User
MhAmine,User
karafede,User
kartechbabu,User
wibeasley,User
jiangfeng1124,User
Karamcse,User
TheodorosK,User
jaiabhayk,User
Evegen55,User
abazlinton,User
moxiaoran,User
erinnachen,User
JonMinton,User
leesmichael2go,User
j450h1,User
ilopezfr,User
kelelexu,User
nicolaisguevara,User
zx403413599,User
prabhu3437,User
YPlayYPay,User
PirateGrunt,User
kharkovsailing,User
zhenglei-gao,User
mrtial,User
Mounika-Chirukuri,User
shabbychef,User
boboppie,User
smbatchou,User
ljwolf,User
darobertson,User
whalejasmine,User
deegeorgie,User
odranitsin,User
FranSal,User
vannem,User
mainul12,User
omegahat,User
steven2249,User
xmaseve,User
PachoAlvarez,User
narinluangrath,User
kuzmenkov111,User
ewnike,User
datashield,Organization
PingPi357,User
zhouxiangxiang,User
datalin,User
JBurke007,User
ctguxp,User
genepattern,Organization
lecy,User
ncdingari,User
cerdman,User
mlopezm,User
CarlosS7,User
soodoku,User
SandeepTuniki,User
cannonbrooke,User
bowerth,User
leewaygroups,User
petzi53,User
cboettig,User
rxl194,User
mi-lee,User
jmorenor,User
zieka,User
ylurban,User
richarddeng88,User
CjTouzi,User
viveksyngh,User
cbchisanga,User
sjtu2008,User
CenterForAssessment,Organization
raffdoc,User
SteveLi90,User
rachd,User
bradleyboehmke,User
mine-cetinkaya-rundel,User
pjpaulpj,User
Protonk,User
ateucher,User
iltempe,User
roychen25,User
bnmgit,User
edenzik,User
applied-statistic-using-r,Organization
chusri,User
yluo42,User
mamonu,User
lionel-,User
gredoy,User
okcorral,User
ErnestOrt,User
mariopineda,User
xiangacadia,User
FrissAnalytics,User
FCH808,User
simiden,User
adhok,User
kferris10,User
RinSer,User
diegoluiz,User
nsabharwal,User
baptiste,User
PeterRao,User
clementinexin,User
chuvanan,User
alcideschaux,User
batmanimal,User
whatevergeek,User
witusj,User
turinglife,User
nicolegoebel,User
tokey66363,User
mqwu,User
tmacmilan,User
kireru,User
AdityoSanjaya,User
johndharrison,User
myazdani,User
pecu,User
Eochs,User
ausu,User
IronistM,User
talgalili,User
sebtn,User
ViennaChen,User
anudeep13,User
JonathanKSullivan,User
DataXujing,User
bkj,User
amb54,User
kabalaandrew,User
guoruijiao,User
thomasp85,User
bioinfau,Organization
emhart,User
Duke-Translational-Bioinformatics,Organization
SimonGoring,User
cafreeman,User
ryninho,User
JohnsonHsieh,User
hcorrada,User
wayneyeye,User
kpivert,User
jtmancilla,User
knbknb,User
maohuaxie,User
Mallik-G,User
peterpih,User
EDMunplugged,User
JediZ,User
deb761,User
vivimarani,User
JaredChung,User
exotol,User
ianamunoz,User
devrohitraj,User
bhatmonica,User
hansthompson,User
zhangshuxiang,User
rappster,User
laocan,User
ajeshh,User
JoFrhwld,User
sahilseth,User
garborg,User
stcalica,User
bakerwm,User
qzthrone,User
welch16,User
JackStat,User
xiaodiu2010,User
atante,User
heike,User
mintzopg,User
gopinathsubbegowda,User
krisrs1128,User
billzichos,User
SESYNC-ci,Organization
Displayr,Organization
shabirjan,User
kramea,User
vikasmech,User
000Nelson000,User
blsingh,User
laramartin,User
louischavane,User
chartgerink,User
pavlvstc,User
armaneshaghi,User
jonocarroll,User
NCYUBRD,Organization
alanyannick,User
lucacian,User
Ironholds,User
Chicago,Organization
hvsarma,User
DDCForkedRepos,Organization
fbreitwieser,User
cuixueqin,User
bfoste01,User
sarmadm,User
Helen-R,User
stupidkiddy,User
robertoalvarezm,User
scdavis50,User
mustafiz012,User
easonchan1213,User
DexingGong,User
BeatriceHK,User
jverzani,User
Arun-Kaushik,User
voite1,User
swoldetsadick,User
woobe,User
adamhsparks,User
neuroconductor,User
EDiLD,User
grosscol,User
HughParsonage,User
ozgurorman,User
cosmocracy,User
mjsteinbaugh,User
jxchen01,User
sachsmc,User
bwlewis,User
Btibert3,User
dlizcano,User
timbrown81,User
eugenesiow,User
dickoa,User
vakkasa,User
nacnudus,User
rdpeng,User
drcrallen,User
lewis500,User
MiyainNYC,User
jigucci,User
kghub,User
xzw0005,User
pmtempone,User
metacran,Organization
spgriffin,User
cloudyr,Organization
ghuiber,User
meraboxer,User
datascientistone,User
tomwenseleers,User
chk1,User
wouldyougo,User
chingoduc,User
anirudhjayaraman,User
