owner,repo,filename,path
typark99,Courses,NAMESPACE,2013FL/Causal Inference/HW/5024HW7/NAMESPACE
typark99,Courses,NAMESPACE,2013FL/Causal Inference/HW/5024HW8/NAMESPACE
typark99,Courses,NAMESPACE,2013FL/Causal Inference/Midterm/5024Midterm/NAMESPACE
typark99,Courses,NAMESPACE,2013FL/MEC670/R pack/NAMESPACE
typark99,Courses,NAMESPACE,2013FL/TA MLE/582HW3/NAMESPACE
typark99,Courses,NAMESPACE,2013FL/TA MLE/582HW4/NAMESPACE
typark99,Courses,NAMESPACE,2013FL/TA MLE/582Midterm/582_Midterm_Answer/NAMESPACE
typark99,Courses,NAMESPACE,2013FL/TA MLM/Taeyong Answers/HW2/MLM_HW2/NAMESPACE
typark99,Courses,NAMESPACE,2013FL/TA MLM/Taeyong Answers/MLM_HW3/NAMESPACE
typark99,Courses,NAMESPACE,2013FL/TA MLM/Taeyong Answers/MLM_HW4/NAMESPACE
typark99,Courses,NAMESPACE,2013FL/TA MLM/Taeyong Answers/MLM_HW5/NAMESPACE
typark99,Courses,NAMESPACE,2013FL/TA MLM/Taeyong Answers/MLM_HW6/NAMESPACE
typark99,Courses,NAMESPACE,2013FL/TA MLM/Taeyong Answers/MLM_HW7/NAMESPACE
typark99,Courses,NAMESPACE,2013FL/TA MLM/Taeyong Answers/MLM_HW9/NAMESPACE
typark99,Courses,NAMESPACE,2014SP/Programming/HW1/NAMESPACE
typark99,Courses,NAMESPACE,2014SP/Programming/programmingInClass/NAMESPACE
typark99,Courses,NAMESPACE,2014SP/TA QPM1/581TA_HW1/NAMESPACE
typark99,Courses,NAMESPACE,2014SP/TA QPM1/581TA_HW2/NAMESPACE
typark99,Courses,NAMESPACE,2014SP/TA QPM1/581TA_HW3/NAMESPACE
typark99,Courses,NAMESPACE,2014SP/TA QPM1/581TA_HW4/NAMESPACE
typark99,Courses,NAMESPACE,2014SP/TA QPM1/581TA_HW5/NAMESPACE
typark99,Courses,NAMESPACE,2014SP/TA QPM1/581TA_HW6/NAMESPACE
ashishorkalra,tm-chrisash,NAMESPACE,news-feed/NAMESPACE
coatless,fiadb2,NAMESPACE,fiadb/NAMESPACE
PeeperLab,CopyhelpeR,NAMESPACE,CopyhelpeR/NAMESPACE
statwonk,crashes-on-I-95,NAMESPACE,floridaCrashR/NAMESPACE
JIC-CSB,babar,NAMESPACE,babar/NAMESPACE
darshanmeel,R_generic_code,NAMESPACE,myrpreprocess/NAMESPACE
twomagpi,llmap,NAMESPACE,llmap/NAMESPACE
Hackout2,time,NAMESPACE,R2C3/NAMESPACE
COMBINE-lab,matryoshka_work,NAMESPACE,HiCseg/NAMESPACE
hivbackcalc,package1.0,NAMESPACE,HIVBackCalc/NAMESPACE
jeffreyhorner,R-Judy-Arrays,NAMESPACE,src/library/tcltk/NAMESPACE
jeffreyhorner,R-Judy-Arrays,NAMESPACE,src/library/tools/NAMESPACE
jeffreyhorner,R-Judy-Arrays,NAMESPACE,src/library/datasets/NAMESPACE
Vishan07,hello-world,NAMESPACE,test/NAMESPACE
briandk,per-assessment-guides,NAMESPACE,RPackage/NAMESPACE
Microsoft,deployr-rserve,NAMESPACE,Rserve/NAMESPACE
charlotte-ngs,Drafts4Charlotte-NgsBlog,NAMESPACE,RPackageGuide/NAMESPACE
Jogi1988,Data-Management,NAMESPACE,src/DataMa/NAMESPACE
pbiecek,RandBigData,NAMESPACE,MINI_2015/materialy/pakiety/subtitler2/NAMESPACE
hack-r,pRedictionstack,NAMESPACE,pRedstack/NAMESPACE
acoburn,image-laplacian,NAMESPACE,R/laplace/NAMESPACE
stweiyy,mylib,NAMESPACE,R/rword2vec/NAMESPACE
MaayanLab,paea-shiny,NAMESPACE,config/NAMESPACE
jichiang,Data-Science,NAMESPACE,pythonR/NAMESPACE
muldvang,thesis-code,NAMESPACE,zipHMM/rZipHMM/NAMESPACE
l1994z1116q3,Masterpiece,NAMESPACE,pack/NAMESPACE
vfkusmartsev,vfkTopographicModelling,NAMESPACE,gierer/NAMESPACE
vfkusmartsev,vfkTopographicModelling,NAMESPACE,WhitelawCowan/NAMESPACE
dungkhuc,PersonalRLib,NAMESPACE,LinearRegressionSample/NAMESPACE
dungkhuc,PersonalRLib,NAMESPACE,MinPlot/NAMESPACE
acsutt0n,code,NAMESPACE,R/R-tutorials/x86_64-pc-linux-gnu-library/3.0/aplpack/NAMESPACE
Vincibean,RMAD,NAMESPACE,RMAD_Plugin/R-Inst/library/tcltk/NAMESPACE
Vincibean,RMAD,NAMESPACE,RMAD_Plugin/R-Inst/library/datasets/NAMESPACE
MrOoijer,R-work,NAMESPACE,ccm/NAMESPACE
MrOoijer,R-work,NAMESPACE,myLib/NAMESPACE
bright-star,rstreambci,NAMESPACE,package/rstreambci/NAMESPACE
mikebirdgeneau,MealPlanneR,NAMESPACE,MealPlanneR/NAMESPACE
ibanmd,JHU_Data_Products,NAMESPACE,firstpackage/NAMESPACE
netterie,Undiagnosed,NAMESPACE,HIVBackCalc/NAMESPACE
DataProgrammers,2015-01-15-EMBLHeidelberg,NAMESPACE,roo/clash/package1/NAMESPACE
DataProgrammers,2015-01-15-EMBLHeidelberg,NAMESPACE,roo/clash/package2/NAMESPACE
hendradarwin,SimpleITK,NAMESPACE,Wrapping/Rpackaging/SimpleITK/NAMESPACE
skurscheid,JCSMR_Genomics,NAMESPACE,R/TremethickLab/RepeatReads.Rcheck/00_pkg_src/RepeatReads/NAMESPACE
skurscheid,JCSMR_Genomics,NAMESPACE,R/TremethickLab/RepeatReads.Rcheck/RepeatReads/NAMESPACE
skurscheid,JCSMR_Genomics,NAMESPACE,R/TremethickLab/RepeatReads/NAMESPACE
johnros,ParalSimulate,NAMESPACE,pkg/NAMESPACE
statwonk,traffic-on-i-95,NAMESPACE,floridaCrashR/NAMESPACE
grantbrown,episim,NAMESPACE,R/episim/NAMESPACE
msiwan,freiesMagazin,NAMESPACE,Rpackage/freiesMagazin/NAMESPACE
benliemory,IPBT,NAMESPACE,IPBT_R_package/NAMESPACE
rosyaraur,genomicsel,NAMESPACE,genomicsel/NAMESPACE
dfmooreqqq,DFMsnippets,NAMESPACE,snippets.Rcheck/00_pkg_src/snippets/NAMESPACE
dfmooreqqq,DFMsnippets,NAMESPACE,snippets.Rcheck/snippets/NAMESPACE
dfmooreqqq,DFMsnippets,NAMESPACE,snippets/NAMESPACE
zjualex,Exercise-7,NAMESPACE,twofunctions/NAMESPACE
kapsitis,demografija-lv,NAMESPACE,visc/NAMESPACE
gaberoo,exploder,NAMESPACE,Rpkg/NAMESPACE
mpodell,package,NAMESPACE,prob_dfs/NAMESPACE
rosyaraur,paternity-,NAMESPACE,paternity_1_0/NAMESPACE
mpodell,10-Capstone,NAMESPACE,prob_dfs/NAMESPACE
pistacliffcho,Experimental-Code,NAMESPACE,LCPH/logconPH.Rcheck/logconPH/NAMESPACE
pistacliffcho,Experimental-Code,NAMESPACE,LCPH/logconPH/NAMESPACE
Quetzal-RDF,quetzal,NAMESPACE,DrugPairGOSimilarity/NAMESPACE
IshidaMotohiro,C_and_R,NAMESPACE,UTF8/Chapter14/MyFirst/NAMESPACE
IshidaMotohiro,C_and_R,NAMESPACE,Windows/Chapter14/MyFirst/NAMESPACE
rjcmarkelz,sisg_2014,NAMESPACE,Advanced R for Bioinformatics/PracticePackage/practice/NAMESPACE
slamatic,Assignment-for-R,NAMESPACE,FibonacciSeq.Rcheck/00_pkg_src/FibonacciSeq/NAMESPACE
slamatic,Assignment-for-R,NAMESPACE,Fibonacci_Seq/NAMESPACE
dajiangliu,rareMETALS,NAMESPACE~,rareMETALS/NAMESPACE~
markdoerr,testing,NAMESPACE_create.package_disa,platePlot/NAMESPACE_create.package_disa
WindQuant,ThirdParty,NAMESPACE,WAPIWrapper/WAPIWrapperR/WindR/NAMESPACE
WindQuant,Official,NAMESPACE,WAPIWrapper/WAPIWrapperR/WindR/NAMESPACE
sanjeevkr883,ARC5.8.6_Support,NAMESPACE,config/datamining/Executable/library/tcltk/NAMESPACE
sanjeevkr883,ARC5.8.6_Support,NAMESPACE,config/datamining/Executable/library/rJava/NAMESPACE
eeager,datasciencecoursera,NAMESPACE,R/R-3.0.2/library/tcltk/NAMESPACE
eeager,datasciencecoursera,NAMESPACE,R/R-3.0.2/library/tools/NAMESPACE
eeager,datasciencecoursera,NAMESPACE,R/R-3.0.2/library/datasets/NAMESPACE
praster1,BN_Data_Generator,NAMESPACE,BNDataGenerator_1_0_stable/BNDataGenerator.Rcheck/BNDataGenerator/NAMESPACE
